symbol,timeframe,scenario,split,sl_pips,tp_pips,be_trigger_pips,entry_mode,exit_at_mean,partial_fraction,initial_balance,final_balance,total_pl,trades_opened,closed_trades,open_trades,wins,losses,scratches,win_rate,gross_profit,gross_loss,profit_factor,avg_win,avg_loss,avg_trade,expectancy,realized_rr,largest_win,largest_loss,roi_pct,pips_won,pips_lost,net_pips,pip_wins,pip_losses,avg_win_pips,avg_loss_pips,avg_pips,largest_win_pips,largest_loss_pips,expectancy_r,expectancy_r_se,total_r,max_consecutive_wins,max_consecutive_losses,max_consecutive_losses_expected_iid,max_consecutive_losses_note,max_drawdown,max_drawdown_abs,trading_days,sharpe,sortino,sharpe_se,sharpe_note,avg_bars_held,avg_duration_hours,total_costs,long_trades,short_trades,long_win_rate,short_win_rate,long_pl,short_pl,avg_mae_r,avg_mfe_r,partials_fired,partials_fired_pct,partial_pl,span_days,trades_per_day,insufficient_sample,ambiguous_bars,ambiguous_entry_bars,exits_sl,exits_tp,exits_be_stop,exits_cross_center,exits_end_of_data,exits_risk_halt,exits_signal,bars_evaluated,window_start,window_end,objective,nbhd_median,nbhd_min,nbhd_std,n_neighbours,spike_ratio,plateau_score
XAUUSDm,M5,central,train,50,100,50,level,False,0.5,1000.0,-15636.865000000398,-16636.865000000398,2121,2121,0,927,1194,0,43.705799151343705,47540.365000000704,64177.23000000105,0.7407668576534064,51.28410463861996,53.749773869347614,-7.843877887788945,-7.843877887788945,0.9541268910875591,88.38000000000193,-423.06000000000495,-1663.6865000000398,51414.81000000077,-66158.50000000166,-14743.690000000883,518,1603,99.25638996139145,-41.271678103556866,-6.951291843470478,100.0000000000091,-423.06000000000495,-0.1568775577557788,0.02410492229964203,-332.7373000000068,10,19,11.9,An iid sequence with this win rate would already produce a streak of about 11.9; only a materially longer run is evidence of a defect.,1501.2188921596228,16830.16500000032,308,-0.9667199703516879,-0.9869145886109836,1.095671805325824,NOT distinguishable from zero (|SR| < 2*SE); do not rank configurations by this.,2.8797736916548797,0.304926921263555,0.0,1240,881,42.177419354838705,45.85698070374574,-9285.550000000254,-7351.315000000095,-1.5856881659594373,1.4804085808581038,927,43.705799151343705,22823.59500000062,360.0,5.892,False,388,507,1194,518,409,0,0,0,0,69899,2025-04-01 16:55:00+00:00,2026-03-27 16:40:00+00:00,-6.508112982306046,-6.11234227364558,-6.508112982306046,0.39577070866046604,1,1.0647494349861426,-6.508112982306046
XAUUSDm,M5,central,train,60,100,50,level,False,0.5,1000.0,-14511.84000000015,-15511.84000000015,1994,1994,0,970,1024,0,48.64593781344032,49561.030000000785,65072.87000000089,0.7616235460338557,51.093845360825554,63.54772460937587,-7.779257773320011,-7.779257773320011,0.8040232073594519,88.38000000000193,-423.06000000000495,-1551.184000000015,53502.10000000085,-67440.47000000153,-13938.370000000677,539,1455,99.26178107606837,-46.35083848797356,-6.990155466399537,100.0000000000091,-423.06000000000495,-0.12965429622200006,0.022680429125763544,-258.53066666666814,10,9,10.3,An iid sequence with this win rate would already produce a streak of about 10.3; only a materially longer run is evidence of a defect.,1461.6595348837361,15712.840000000164,308,-0.9249012459293843,-0.9250016531445505,1.0808031700481644,NOT distinguishable from zero (|SR| < 2*SE); do not rank configurations by this.,3.305416248746239,0.34403209628886655,0.0,1174,820,47.700170357751276,50.0,-8434.420000000075,-7077.420000000027,-1.4005152958876497,1.2912683884988447,974,48.84653961885657,23988.825000000685,360.0,5.539,False,368,521,1020,539,435,0,0,0,0,69899,2025-04-01 16:55:00+00:00,2026-03-27 16:40:00+00:00,-5.716571564985114,-5.809539332863443,-6.508112982306046,0.35326822747567793,2,0.9839973941905465,-6.162807560339121
XAUUSDm,M5,central,train,70,100,50,level,False,0.5,1000.0,-15629.250000000036,-16629.250000000036,1890,1890,0,975,915,0,51.58730158730159,50360.3850000008,66989.63500000078,0.7517638363009473,51.651676923077744,73.2127158469954,-8.798544973544962,-8.798544973544962,0.7055014463747351,88.38000000000193,-423.06000000000495,-1662.9250000000038,54894.51000000087,-69622.2800000014,-14727.770000000532,553,1337,99.26674502712635,-52.07350785340419,-7.792470899471181,100.0000000000091,-423.06000000000495,-0.12569349962207083,0.02163570851668857,-237.56071428571389,10,9,9.5,An iid sequence with this win rate would already produce a streak of about 9.5; only a materially longer run is evidence of a defect.,1560.6000000000038,16776.45000000004,308,-1.115355157779962,-1.1289375035573401,1.1519973593695525,NOT distinguishable from zero (|SR| < 2*SE); do not rank configurations by this.,3.6984126984126986,0.40705467372134035,0.0,1119,771,50.93833780160858,52.52918287937744,-8864.150000000001,-7765.099999999975,-1.2519160241874416,1.1469005291005425,983,52.01058201058201,24213.260000000686,360.0,5.25,False,350,525,907,553,430,0,0,0,0,69899,2025-04-01 16:55:00+00:00,2026-03-27 16:40:00+00:00,-5.809539332863443,-5.716571564985114,-5.809539332863443,0.35114093887678427,2,1.0162628538489347,-6.067712503861898
XAUUSDm,M5,central,train,80,100,50,level,False,0.5,1000.0,-14051.63999999993,-15051.63999999993,1795,1795,0,992,803,0,55.26462395543175,51723.735000000765,66775.37500000065,0.7745929543637944,52.14086189516206,83.1573785803246,-8.385314763231131,-8.385314763231131,0.6270142564053698,88.38000000000193,-423.06000000000495,-1505.163999999993,56877.79000000084,-69497.47000000127,-12619.680000000435,573,1222,99.263158813265,-56.871906710312004,-7.030462395543418,100.0000000000091,-423.06000000000495,-0.10481643454038916,0.020869220946927166,-188.14549999999855,10,9,8.6,An iid sequence with this win rate would already produce a streak of about 8.6; only a materially longer run is evidence of a defect.,1414.8967441860414,15210.139999999945,308,0.8413398999502494,1.5315456169956472,1.052500819374215,NOT distinguishable from zero (|SR| < 2*SE); do not rank configurations by this.,4.343732590529248,0.4950789229340762,0.0,1074,721,54.18994413407822,56.86546463245492,-8641.229999999956,-6410.409999999922,-1.145648328690798,1.0452805013927693,1000,55.710306406685234,24629.69500000067,360.0,4.986,False,343,525,795,573,427,0,0,0,0,69899,2025-04-01 16:55:00+00:00,2026-03-27 16:40:00+00:00,-5.022537008302774,-5.4060248600965215,-5.809539332863443,0.32132702640242883,2,0.9290628767499045,-5.72735188649895
XAUUSDm,M5,central,train,90,100,50,level,False,0.5,1000.0,-15789.909999999887,-16789.909999999887,1720,1720,0,985,735,0,57.26744186046512,51057.82500000076,67847.7350000006,0.752535438360622,51.83535532995001,92.30984353741577,-9.761575581395256,-9.761575581395256,0.5615365961371138,88.38000000000193,-423.06000000000495,-1678.9909999999888,55886.18000000083,-70922.23000000123,-15036.050000000414,563,1157,99.26497335701745,-61.298383751081445,-8.741889534883962,100.0000000000091,-423.06000000000495,-0.10846195090439174,0.020063161696680622,-186.5545555555538,10,10,8.1,An iid sequence with this win rate would already produce a streak of about 8.1; only a materially longer run is evidence of a defect.,1575.5451162790596,16937.10999999989,308,-0.5992389076133736,-0.628628030033451,0.9823854412874775,NOT distinguishable from zero (|SR| < 2*SE); do not rank configurations by this.,4.969186046511628,0.5541666666666667,0.0,1032,688,56.395348837209305,58.57558139534884,-9710.259999999933,-7079.649999999909,-1.0570465762273806,0.9524292635659021,999,58.08139534883721,24606.860000000677,360.0,4.778,False,336,511,721,563,436,0,0,0,0,69899,2025-04-01 16:55:00+00:00,2026-03-27 16:40:00+00:00,-5.4060248600965215,-5.214280934199648,-5.4060248600965215,0.1917439258968736,1,1.036772841416974,-5.4060248600965215
XAUUSDm,M5,central,test,50,100,50,level,False,0.5,1000.0,-7609.200000000183,-8609.200000000183,1006,1006,0,438,568,0,43.538767395626245,22569.510000000337,31178.710000000512,0.7238756831183832,51.52856164383638,54.89209507042344,-8.55785288270395,-8.55785288270395,0.9387246301626522,103.32500000000437,-596.4300000000003,-860.9200000000183,24838.490000000358,-32213.8200000008,-7375.330000000445,251,755,98.95812749004126,-42.667311258279206,-7.331341948310581,159.45000000000618,-596.4300000000003,-0.17115705765407918,0.03663091683500407,-172.18400000000366,8,10,10.6,An iid sequence with this win rate would already produce a streak of about 10.6; only a materially longer run is evidence of a defect.,893.7755000000025,8937.755000000025,131,2.0373121924191566,3.4421769052219084,2.432258966572459,NOT distinguishable from zero (|SR| < 2*SE); do not rank configurations by this.,1.3409542743538767,0.16244201457919152,0.0,505,501,44.15841584158416,42.91417165668663,-3593.405000000123,-5015.795000000051,-1.3814978131212574,1.2981075546719785,438,43.538767395626245,10667.820000000303,154.2,6.525,False,157,279,568,251,187,0,0,0,0,29957,2026-03-27 16:45:00+00:00,2026-08-28 20:55:00+00:00,-4.672475396262087,-4.576882565725686,-4.672475396262087,0.09559283053640044,1,1.020886013386547,-4.672475396262087
XAUUSDm,M5,central,test,60,100,50,level,False,0.5,1000.0,-7707.215000000124,-8707.215000000124,941,941,0,451,490,0,47.92773645058448,23132.49500000036,31839.710000000472,0.7265297014325827,51.29156319290545,64.97900000000097,-9.253150903294491,-9.253150903294491,0.7893559949045797,103.32500000000437,-596.4300000000003,-870.7215000000124,25540.89000000037,-33086.45000000077,-7545.560000000396,258,683,98.99569767442004,-48.44282576866877,-8.018660998937722,159.45000000000618,-596.4300000000003,-0.15421918172157514,0.034414017132293515,-145.12025000000222,9,9,9.4,An iid sequence with this win rate would already produce a streak of about 9.4; only a materially longer run is evidence of a defect.,880.701500000011,8807.01500000011,131,0.327761872182575,0.4113422119625578,1.4237245757421002,NOT distinguishable from zero (|SR| < 2*SE); do not rank configurations by this.,1.5430393198724761,0.18278427205100956,0.0,483,458,47.61904761904761,48.25327510917031,-4022.7700000001005,-4684.445000000016,-1.2062578816861367,1.1306393907191012,451,47.92773645058448,10985.420000000318,154.2,6.104,False,154,284,490,258,193,0,0,0,0,29957,2026-03-27 16:45:00+00:00,2026-08-28 20:55:00+00:00,-4.481289735189286,-4.481289735189286,-4.672475396262087,0.5647332002364039,2,1.0,-5.04602293542569
XAUUSDm,M5,central,test,70,100,50,level,False,0.5,1000.0,-5849.635000000015,-6849.635000000015,883,883,0,471,412,0,53.34088335220838,23918.255000000358,30767.890000000367,0.7773771617098238,50.78185774946997,74.67934466019507,-7.757231030577587,-7.757231030577587,0.6799987062090178,103.32500000000437,-596.4300000000003,-684.9635000000015,26322.290000000372,-32360.090000000677,-6037.800000000307,266,617,98.95597744361042,-52.4474716369541,-6.837825594564333,159.45000000000618,-596.4300000000003,-0.11081758615110875,0.032685701986861514,-97.85192857142903,9,7,8.1,An iid sequence with this win rate would already produce a streak of about 8.1; only a materially longer run is evidence of a defect.,686.561236115659,7562.574999999959,131,1.8641041820481572,6.815451671206886,2.294759104576326,NOT distinguishable from zero (|SR| < 2*SE); do not rank configurations by this.,1.8799546998867498,0.21442053605134015,0.0,450,433,53.55555555555556,53.11778290993071,-3040.8650000000443,-3808.7699999999654,-1.080966672059526,1.0163564148196156,474,53.680634201585505,11542.220000000325,154.2,5.727,False,154,277,409,266,208,0,0,0,0,29957,2026-03-27 16:45:00+00:00,2026-08-28 20:55:00+00:00,-3.3903994534262556,-3.3903994534262556,-4.481289735189286,0.6653442506451123,2,1.0,-4.055743704071368
XAUUSDm,M5,central,test,80,100,50,level,False,0.5,1000.0,-5047.91999999995,-6047.91999999995,838,838,0,479,359,0,57.159904534606206,24282.45500000033,30330.375000000276,0.8005985748610134,50.694060542798184,84.48572423398406,-7.217088305489197,-7.217088305489197,0.6000310822027219,145.56000000000495,-596.4300000000003,-604.791999999995,26657.45000000036,-32072.98000000061,-5415.530000000249,269,569,99.09832713754781,-56.36727592267243,-6.462446300716287,159.45000000000618,-596.4300000000003,-0.09021360381861511,0.031245468127236928,-75.59899999999946,9,6,7.3,An iid sequence with this win rate would already produce a streak of about 7.3; only a materially longer run is evidence of a defect.,651.3557900794746,6563.809999999899,131,-0.8353699663518203,-0.8731888000075014,1.610860600595134,NOT distinguishable from zero (|SR| < 2*SE); do not rank configurations by this.,2.1014319809069213,0.2944510739856802,0.0,425,413,56.705882352941174,57.6271186440678,-3104.175000000014,-2943.744999999933,-0.9760786097851928,0.9257943019093144,483,57.637231503579955,11806.200000000314,154.2,5.435,False,157,264,355,269,214,0,0,0,0,29957,2026-03-27 16:45:00+00:00,2026-08-28 20:55:00+00:00,-2.8872540315686672,-2.8872540315686672,-3.3903994534262556,0.34984906039931185,2,1.0,-3.2371030919679793
XAUUSDm,M5,central,test,90,100,50,level,False,0.5,1000.0,-4471.264999999933,-5471.264999999933,798,798,0,477,321,0,59.774436090225564,24320.305000000342,29791.570000000276,0.8163485509491483,50.98596436058772,92.80862928348996,-6.856221804511193,-6.856221804511193,0.5493666349154646,145.56000000000495,-596.4300000000003,-547.1264999999933,26857.050000000363,-31906.2700000006,-5049.220000000237,271,527,99.10350553505668,-60.543206831120685,-6.327343358396287,159.45000000000618,-596.4300000000003,-0.07618024227234672,0.030015023066257834,-60.79183333333269,11,6,6.8,An iid sequence with this win rate would already produce a streak of about 6.8; only a materially longer run is evidence of a defect.,474.54943927626783,6106.169999999877,131,-1.8454987266927547,-1.8432621073595465,2.280248846953508,NOT distinguishable from zero (|SR| < 2*SE); do not rank configurations by this.,2.344611528822055,0.32069757727652465,0.0,405,393,60.49382716049383,59.03307888040712,-2285.6800000000067,-3185.584999999926,-0.90361918685602,0.8466736285157395,487,61.02756892230576,11909.60000000032,154.2,5.176,False,149,260,311,271,216,0,0,0,0,29957,2026-03-27 16:45:00+00:00,2026-08-28 20:55:00+00:00,-2.5380704224074617,-2.7126622269880647,-2.8872540315686672,0.17459180458060275,1,0.935638207055931,-2.8872540315686672
