at_utc,currency,impact,title
2026-08-31T01:00:00+00:00,AUD,low,MI Inflation Gauge m/m
2026-08-31T01:00:00+00:00,NZD,low,ANZ Business Confidence
2026-08-31T01:30:00+00:00,AUD,low,Company Operating Profits q/q
2026-08-31T01:30:00+00:00,AUD,low,Private Sector Credit m/m
2026-08-31T01:30:00+00:00,CNY,low,Manufacturing PMI
2026-08-31T01:30:00+00:00,CNY,low,Non-Manufacturing PMI
2026-08-31T05:00:00+00:00,JPY,low,Housing Starts y/y
2026-08-31T06:29:00+00:00,EUR,medium,German Prelim CPI m/m
2026-08-31T07:00:00+00:00,GBP,holiday,Bank Holiday
2026-08-31T15:15:00+00:00,ALL,low,G20 Meetings
2026-08-31T23:01:00+00:00,GBP,low,BRC Shop Price Index y/y
2026-08-31T23:50:00+00:00,JPY,low,Capital Spending q/y
2026-09-01T00:30:00+00:00,JPY,low,Final Manufacturing PMI
2026-09-01T01:30:00+00:00,AUD,low,Building Approvals m/m
2026-09-01T01:30:00+00:00,AUD,low,Current Account
2026-09-01T01:45:00+00:00,CNY,low,RatingDog Manufacturing PMI
2026-09-01T03:35:00+00:00,JPY,low,10-y Bond Auction
2026-09-01T05:00:00+00:00,JPY,low,Consumer Confidence
2026-09-01T06:00:00+00:00,EUR,low,German Retail Sales m/m
2026-09-01T06:00:00+00:00,GBP,low,Nationwide HPI m/m
2026-09-01T06:30:00+00:00,AUD,low,Commodity Prices y/y
2026-09-01T06:33:00+00:00,CHF,low,Retail Sales y/y
2026-09-01T07:15:00+00:00,EUR,low,Spanish Manufacturing PMI
2026-09-01T07:30:00+00:00,CHF,low,Manufacturing PMI
2026-09-01T07:45:00+00:00,EUR,low,Italian Manufacturing PMI
2026-09-01T07:50:00+00:00,EUR,low,French Final Manufacturing PMI
2026-09-01T07:55:00+00:00,EUR,low,German Final Manufacturing PMI
2026-09-01T08:00:00+00:00,EUR,low,Final Manufacturing PMI
2026-09-01T08:30:00+00:00,EUR,low,Italian Monthly Unemployment Rate
2026-09-01T08:30:00+00:00,GBP,low,Final Manufacturing PMI
2026-09-01T08:30:00+00:00,GBP,low,M4 Money Supply m/m
2026-09-01T08:30:00+00:00,GBP,low,Mortgage Approvals
2026-09-01T08:30:00+00:00,GBP,low,Net Lending to Individuals m/m
2026-09-01T09:00:00+00:00,EUR,medium,CPI Flash Estimate y/y
2026-09-01T09:00:00+00:00,EUR,medium,Core CPI Flash Estimate y/y
2026-09-01T09:00:00+00:00,EUR,low,Italian Prelim CPI m/m
2026-09-01T09:00:00+00:00,EUR,low,Unemployment Rate
2026-09-01T12:30:00+00:00,EUR,low,German Buba President Nagel Speaks
2026-09-01T13:05:00+00:00,USD,low,FOMC Member Barr Speaks
2026-09-01T13:30:00+00:00,CAD,low,Manufacturing PMI
2026-09-01T13:45:00+00:00,USD,low,Final Manufacturing PMI
2026-09-01T14:00:00+00:00,USD,low,Construction Spending m/m
2026-09-01T14:00:00+00:00,USD,high,ISM Manufacturing PMI
2026-09-01T14:00:00+00:00,USD,medium,ISM Manufacturing Prices
2026-09-01T14:00:00+00:00,USD,medium,JOLTS Job Openings
2026-09-01T14:04:00+00:00,USD,low,RCM/TIPP Economic Optimism
2026-09-01T14:15:00+00:00,USD,low,Omdia Total Vehicle Sales
2026-09-01T15:15:00+00:00,ALL,low,G20 Meetings
2026-09-01T15:25:00+00:00,NZD,low,GDT Price Index
2026-09-01T20:30:00+00:00,USD,low,API Weekly Statistical Bulletin
2026-09-01T22:45:00+00:00,NZD,low,Building Consents m/m
2026-09-01T23:50:00+00:00,JPY,low,Monetary Base y/y
2026-09-02T01:30:00+00:00,AUD,high,GDP q/q
2026-09-02T02:00:00+00:00,NZD,high,Official Cash Rate
2026-09-02T02:00:00+00:00,NZD,high,RBNZ Monetary Policy Statement
2026-09-02T02:00:00+00:00,NZD,high,RBNZ Rate Statement
2026-09-02T03:00:00+00:00,NZD,high,RBNZ Press Conference
2026-09-02T06:45:00+00:00,EUR,low,French Gov Budget Balance
2026-09-02T07:00:00+00:00,EUR,low,Spanish Unemployment Change
2026-09-02T12:15:00+00:00,USD,medium,ADP Non-Farm Employment Change
2026-09-02T13:45:00+00:00,CAD,high,BOC Rate Statement
2026-09-02T13:45:00+00:00,CAD,high,Overnight Rate
2026-09-02T14:00:00+00:00,USD,low,Factory Orders m/m
2026-09-02T14:30:00+00:00,CAD,high,BOC Press Conference
2026-09-02T14:30:00+00:00,USD,low,Crude Oil Inventories
2026-09-02T18:00:00+00:00,USD,low,Beige Book
2026-09-02T20:10:00+00:00,NZD,medium,RBNZ Gov Breman Speaks
2026-09-02T22:45:00+00:00,NZD,low,Overseas Trade Index q/q
2026-09-03T01:00:00+00:00,NZD,low,ANZ Commodity Prices m/m
2026-09-03T01:15:00+00:00,AUD,low,RBA Assist Gov Jones Speaks
2026-09-03T01:30:00+00:00,AUD,low,Goods Trade Balance
2026-09-03T01:45:00+00:00,CNY,low,RatingDog Services PMI
2026-09-03T03:35:00+00:00,JPY,low,30-y Bond Auction
2026-09-03T05:15:00+00:00,AUD,low,RBA Assist Gov Hunter Speaks
2026-09-03T06:30:00+00:00,CHF,medium,CPI m/m
2026-09-03T07:00:00+00:00,CHF,low,GDP q/q
2026-09-03T07:15:00+00:00,EUR,low,Spanish Services PMI
2026-09-03T07:45:00+00:00,EUR,low,Italian Services PMI
2026-09-03T07:50:00+00:00,EUR,low,French Final Services PMI
2026-09-03T07:55:00+00:00,EUR,low,German Final Services PMI
2026-09-03T08:00:00+00:00,EUR,low,Final Services PMI
2026-09-03T08:30:00+00:00,GBP,low,Final Services PMI
2026-09-03T08:43:00+00:00,EUR,low,Spanish 10-y Bond Auction
2026-09-03T08:57:00+00:00,EUR,low,French 10-y Bond Auction
2026-09-03T09:00:00+00:00,EUR,low,PPI m/m
2026-09-03T09:30:00+00:00,USD,low,Challenger Job Cuts y/y
2026-09-03T12:30:00+00:00,CAD,low,Labor Productivity q/q
2026-09-03T12:30:00+00:00,CAD,low,Trade Balance
2026-09-03T12:30:00+00:00,USD,low,FOMC Member Waller Speaks
2026-09-03T12:30:00+00:00,USD,low,Revised Nonfarm Productivity q/q
2026-09-03T12:30:00+00:00,USD,low,Revised Unit Labor Costs q/q
2026-09-03T12:30:00+00:00,USD,low,Trade Balance
2026-09-03T12:30:00+00:00,USD,medium,Unemployment Claims
2026-09-03T13:45:00+00:00,USD,low,Final Services PMI
2026-09-03T14:00:00+00:00,USD,medium,ISM Services PMI
2026-09-03T14:30:00+00:00,USD,low,Natural Gas Storage
2026-09-03T15:00:00+00:00,GBP,low,MPC Member Pill Speaks
2026-09-03T19:00:00+00:00,USD,low,FOMC Member Hammack Speaks
2026-09-03T19:55:00+00:00,USD,low,FOMC Member Goolsbee Speaks
2026-09-03T23:30:00+00:00,JPY,low,Household Spending y/y
2026-09-04T06:00:00+00:00,EUR,low,German Factory Orders m/m
2026-09-04T08:00:00+00:00,EUR,low,Italian Retail Sales m/m
2026-09-04T08:30:00+00:00,GBP,low,Construction PMI
2026-09-04T08:50:00+00:00,GBP,high,BOE Gov Bailey Speaks
2026-09-04T09:00:00+00:00,EUR,low,Retail Sales m/m
2026-09-04T12:30:00+00:00,CAD,high,Employment Change
2026-09-04T12:30:00+00:00,CAD,high,Unemployment Rate
2026-09-04T12:30:00+00:00,USD,high,Average Hourly Earnings m/m
2026-09-04T12:30:00+00:00,USD,high,Non-Farm Employment Change
2026-09-04T12:30:00+00:00,USD,high,Unemployment Rate
2026-09-04T13:40:00+00:00,USD,low,FOMC Member Goolsbee Speaks
2026-09-04T14:00:00+00:00,CAD,medium,Ivey PMI
2026-09-04T22:00:00+00:00,USD,low,FOMC Member Goolsbee Speaks
